id;link;created_at;updated_at
1;Fish;2019-06-22T13:30:19;2019-06-22T08:14:43
2;circuit navigate;2019-06-21T22:20:53;2019-06-21T20:04:45
3;alarm local area network Benin;2019-06-22T01:43:40;2019-06-22T05:06:50
4;dedicated Persevering;2019-06-21T14:35:13;2019-06-21T14:26:45
5;Cambridgeshire Investor;2019-06-22T03:30:49;2019-06-21T18:51:50
6;Borders North Dakota;2019-06-22T02:07:08;2019-06-21T17:11:57
7;Re-contextualized;2019-06-22T01:57:31;2019-06-22T07:12:02
8;Shoes deposit;2019-06-22T09:41:18;2019-06-21T14:04:12
9;Villages uniform PCI;2019-06-21T19:59:38;2019-06-22T13:34:05
10;Tactics architectures Planner;2019-06-21T14:48:45;2019-06-21T14:24:41
